"seq" ;"instrucao"    ;"Z80"   ;"Z80-M1" ;"R800" ;"r800+"   ;"opcode" ;"op2"       ;"op3" ;"op4"     ;"num"
242   ;"NOP"          ;4       ;5        ;1      ;1         ;"00"     ;"-"         ;"-"   ;"-"       ;1
144   ;"LD (BC),A"    ;7       ;8        ;2      ;4         ;"02"     ;"-"         ;"-"   ;"-"       ;1
110   ;"INC BC"       ;6       ;7        ;1      ;1         ;"03"     ;"-"         ;"-"   ;"-"       ;1
109   ;"INC B"        ;4       ;5        ;1      ;1         ;"04"     ;"-"         ;"-"   ;"-"       ;1
69    ;"DEC B"        ;4       ;5        ;1      ;1         ;"05"     ;"-"         ;"-"   ;"-"       ;1
298   ;"RLCA"         ;4       ;5        ;1      ;1         ;"07"     ;"-"         ;"-"   ;"-"       ;1
89    ;"EX AF,AF'"    ;4       ;5        ;1      ;1         ;"08"     ;"-"         ;"-"   ;"-"       ;1
19    ;"ADD HL,BC"    ;11      ;12       ;1      ;1         ;"09"     ;"-"         ;"-"   ;"-"       ;1
145   ;"LD (DE),A"    ;7       ;8        ;2      ;4         ;"12"     ;"-"         ;"-"   ;"-"       ;1
113   ;"INC DE"       ;6       ;7        ;1      ;1         ;"13"     ;"-"         ;"-"   ;"-"       ;1
112   ;"INC D"        ;4       ;5        ;1      ;1         ;"14"     ;"-"         ;"-"   ;"-"       ;1
72    ;"DEC D"        ;4       ;5        ;1      ;1         ;"15"     ;"-"         ;"-"   ;"-"       ;1
293   ;"RLA"          ;4       ;5        ;1      ;1         ;"17"     ;"-"         ;"-"   ;"-"       ;1
20    ;"ADD HL,DE"    ;11      ;12       ;1      ;1         ;"19"     ;"-"         ;"-"   ;"-"       ;1
116   ;"INC HL"       ;6       ;7        ;1      ;1         ;"23"     ;"-"         ;"-"   ;"-"       ;1
115   ;"INC H"        ;4       ;5        ;1      ;1         ;"24"     ;"-"         ;"-"   ;"-"       ;1
75    ;"DEC H"        ;4       ;5        ;1      ;1         ;"25"     ;"-"         ;"-"   ;"-"       ;1
64    ;"DAA"          ;4       ;5        ;1      ;1         ;"27"     ;"-"         ;"-"   ;"-"       ;1
21    ;"ADD HL,HL"    ;11      ;12       ;1      ;1         ;"29"     ;"-"         ;"-"   ;"-"       ;1
122   ;"INC SP"       ;6       ;7        ;1      ;1         ;"33"     ;"-"         ;"-"   ;"-"       ;1
105   ;"INC (HL)"     ;11      ;12       ;4      ;7         ;"34"     ;"-"         ;"-"   ;"-"       ;1
65    ;"DEC (HL)"     ;11      ;12       ;4      ;7         ;"35"     ;"-"         ;"-"   ;"-"       ;1
330   ;"SCF"          ;4       ;5        ;1      ;1         ;"37"     ;"-"         ;"-"   ;"-"       ;1
22    ;"ADD HL,SP"    ;11      ;12       ;1      ;1         ;"39"     ;"-"         ;"-"   ;"-"       ;1
171   ;"LD B,(HL)"    ;7       ;8        ;2      ;4         ;"46"     ;"-"         ;"-"   ;"-"       ;1
187   ;"LD D,(HL)"    ;7       ;8        ;2      ;4         ;"56"     ;"-"         ;"-"   ;"-"       ;1
203   ;"LD H,(HL)"    ;7       ;8        ;2      ;4         ;"66"     ;"-"         ;"-"   ;"-"       ;1
92    ;"HALT"         ;4       ;5        ;2      ;2         ;"76"     ;"-"         ;"-"   ;"-"       ;1
12    ;"ADD A,(HL)"   ;7       ;8        ;2      ;4         ;"86"     ;"-"         ;"-"   ;"-"       ;1
347   ;"SUB (HL)"     ;7       ;8        ;2      ;4         ;"96"     ;"-"         ;"-"   ;"-"       ;1
159   ;"LD A,(BC)"    ;7       ;8        ;2      ;4         ;"0A"     ;"-"         ;"-"   ;"-"       ;1
70    ;"DEC BC"       ;6       ;7        ;1      ;1         ;"0B"     ;"-"         ;"-"   ;"-"       ;1
111   ;"INC C"        ;4       ;5        ;1      ;1         ;"0C"     ;"-"         ;"-"   ;"-"       ;1
71    ;"DEC C"        ;4       ;5        ;1      ;1         ;"0D"     ;"-"         ;"-"   ;"-"       ;1
309   ;"RRCA"         ;4       ;5        ;1      ;1         ;"0F"     ;"-"         ;"-"   ;"-"       ;1
160   ;"LD A,(DE)"    ;7       ;8        ;2      ;4         ;"1A"     ;"-"         ;"-"   ;"-"       ;1
73    ;"DEC DE"       ;6       ;7        ;1      ;1         ;"1B"     ;"-"         ;"-"   ;"-"       ;1
114   ;"INC E"        ;4       ;5        ;1      ;1         ;"1C"     ;"-"         ;"-"   ;"-"       ;1
74    ;"DEC E"        ;4       ;5        ;1      ;1         ;"1D"     ;"-"         ;"-"   ;"-"       ;1
304   ;"RRA"          ;4       ;5        ;1      ;1         ;"1F"     ;"-"         ;"-"   ;"-"       ;1
76    ;"DEC HL"       ;6       ;7        ;1      ;1         ;"2B"     ;"-"         ;"-"   ;"-"       ;1
121   ;"INC L"        ;4       ;5        ;1      ;1         ;"2C"     ;"-"         ;"-"   ;"-"       ;1
81    ;"DEC L"        ;4       ;5        ;1      ;1         ;"2D"     ;"-"         ;"-"   ;"-"       ;1
63    ;"CPL"          ;4       ;5        ;1      ;1         ;"2F"     ;"-"         ;"-"   ;"-"       ;1
82    ;"DEC SP"       ;6       ;7        ;1      ;1         ;"3B"     ;"-"         ;"-"   ;"-"       ;1
108   ;"INC A"        ;4       ;5        ;1      ;1         ;"3C"     ;"-"         ;"-"   ;"-"       ;1
68    ;"DEC A"        ;4       ;5        ;1      ;1         ;"3D"     ;"-"         ;"-"   ;"-"       ;1
51    ;"CCF"          ;4       ;5        ;1      ;1         ;"3F"     ;"-"         ;"-"   ;"-"       ;1
175   ;"LD B,r"       ;4       ;5        ;1      ;1         ;"40 +r"  ;"-"         ;"-"   ;"-"       ;1
184   ;"LD C,r"       ;4       ;5        ;1      ;1         ;"48 +r"  ;"-"         ;"-"   ;"-"       ;1
180   ;"LD C,(HL)"    ;7       ;8        ;2      ;4         ;"4E"     ;"-"         ;"-"   ;"-"       ;1
191   ;"LD D,r"       ;4       ;5        ;1      ;1         ;"50 +r"  ;"-"         ;"-"   ;"-"       ;1
200   ;"LD E,r"       ;4       ;5        ;1      ;1         ;"58 +r"  ;"-"         ;"-"   ;"-"       ;1
196   ;"LD E,(HL)"    ;7       ;8        ;2      ;4         ;"5E"     ;"-"         ;"-"   ;"-"       ;1
207   ;"LD H,r"       ;4       ;5        ;1      ;1         ;"60 +r"  ;"-"         ;"-"   ;"-"       ;1
227   ;"LD L,r"       ;4       ;5        ;1      ;1         ;"68 +r"  ;"-"         ;"-"   ;"-"       ;1
223   ;"LD L,(HL)"    ;7       ;8        ;2      ;4         ;"6E"     ;"-"         ;"-"   ;"-"       ;1
147   ;"LD (HL),r"    ;7       ;8        ;2      ;4         ;"70 +r"  ;"-"         ;"-"   ;"-"       ;1
166   ;"LD A,r"       ;4       ;5        ;1      ;1         ;"78 +r"  ;"-"         ;"-"   ;"-"       ;1
161   ;"LD A,(HL)"    ;7       ;8        ;2      ;4         ;"7E"     ;"-"         ;"-"   ;"-"       ;1
16    ;"ADD A,r"      ;4       ;5        ;1      ;1         ;"80 +r"  ;"-"         ;"-"   ;"-"       ;1
5     ;"ADC A,r"      ;4       ;5        ;1      ;1         ;"88 +r"  ;"-"         ;"-"   ;"-"       ;1
1     ;"ADC A,(HL)"   ;7       ;8        ;2      ;4         ;"8E"     ;"-"         ;"-"   ;"-"       ;1
351   ;"SUB r"        ;4       ;5        ;1      ;1         ;"90 +r"  ;"-"         ;"-"   ;"-"       ;1
323   ;"SBC A,r"      ;4       ;5        ;1      ;1         ;"98 +r"  ;"-"         ;"-"   ;"-"       ;1
319   ;"SBC A,(HL)"   ;7       ;8        ;2      ;4         ;"9E"     ;"-"         ;"-"   ;"-"       ;1
35    ;"AND r"        ;4       ;5        ;1      ;1         ;"A0 +r"  ;"-"         ;"-"   ;"-"       ;1
31    ;"AND (HL)"     ;7       ;8        ;2      ;4         ;"A6"     ;"-"         ;"-"   ;"-"       ;1
358   ;"XOR r"        ;4       ;5        ;1      ;1         ;"A8 +r"  ;"-"         ;"-"   ;"-"       ;1
354   ;"XOR (HL)"     ;7       ;8        ;2      ;4         ;"AE"     ;"-"         ;"-"   ;"-"       ;1
247   ;"OR r"         ;4       ;5        ;1      ;1         ;"B0 +r"  ;"-"         ;"-"   ;"-"       ;1
243   ;"OR (HL)"      ;7       ;8        ;2      ;4         ;"B6"     ;"-"         ;"-"   ;"-"       ;1
56    ;"CP r"         ;4       ;5        ;1      ;1         ;"B8 +r"  ;"-"         ;"-"   ;"-"       ;1
52    ;"CP (HL)"      ;7       ;8        ;2      ;4         ;"BE"     ;"-"         ;"-"   ;"-"       ;1
282   ;"RET NZ"       ;"11/5"  ;"12/6"   ;"3/1"  ;"5/1"     ;"C0"     ;"-"         ;"-"   ;"-"       ;1
263   ;"POP BC"       ;10      ;11       ;3      ;5         ;"C1"     ;"-"         ;"-"   ;"-"       ;1
269   ;"PUSH BC"      ;11      ;12       ;4      ;6         ;"C5"     ;"-"         ;"-"   ;"-"       ;1
311   ;"RST 0"        ;11      ;12       ;4      ;"6/7"     ;"C7"     ;"-"         ;"-"   ;"-"       ;1
286   ;"RET Z"        ;"11/5"  ;"12/6"   ;"3/1"  ;"5/1"     ;"C8"     ;"-"         ;"-"   ;"-"       ;1
278   ;"RET"          ;10      ;11       ;3      ;5         ;"C9"     ;"-"         ;"-"   ;"-"       ;1
312   ;"RST 8H"       ;11      ;12       ;4      ;"6/7"     ;"CF"     ;"-"         ;"-"   ;"-"       ;1
281   ;"RET NC"       ;"11/5"  ;"12/6"   ;"3/1"  ;"5/1"     ;"D0"     ;"-"         ;"-"   ;"-"       ;1
264   ;"POP DE"       ;10      ;11       ;3      ;5         ;"D1"     ;"-"         ;"-"   ;"-"       ;1
270   ;"PUSH DE"      ;11      ;12       ;4      ;6         ;"D5"     ;"-"         ;"-"   ;"-"       ;1
313   ;"RST 10H"      ;11      ;12       ;4      ;"6/7"     ;"D7"     ;"-"         ;"-"   ;"-"       ;1
279   ;"RET C"        ;"11/5"  ;"12/6"   ;"3/1"  ;"5/1"     ;"D8"     ;"-"         ;"-"   ;"-"       ;1
91    ;"EXX"          ;4       ;5        ;1      ;1         ;"D9"     ;"-"         ;"-"   ;"-"       ;1
314   ;"RST 18H"      ;11      ;12       ;4      ;"6/7"     ;"DF"     ;"-"         ;"-"   ;"-"       ;1
285   ;"RET PO"       ;"11/5"  ;"12/6"   ;"3/1"  ;"5/1"     ;"E0"     ;"-"         ;"-"   ;"-"       ;1
265   ;"POP HL"       ;10      ;11       ;3      ;5         ;"E1"     ;"-"         ;"-"   ;"-"       ;1
86    ;"EX (SP),HL"   ;19      ;20       ;5      ;7         ;"E3"     ;"-"         ;"-"   ;"-"       ;1
271   ;"PUSH HL"      ;11      ;12       ;4      ;6         ;"E5"     ;"-"         ;"-"   ;"-"       ;1
315   ;"RST 20H"      ;11      ;12       ;4      ;"6/7"     ;"E7"     ;"-"         ;"-"   ;"-"       ;1
284   ;"RET PE"       ;"11/5"  ;"12/6"   ;"3/1"  ;"5/1"     ;"E8"     ;"-"         ;"-"   ;"-"       ;1
128   ;"JP (HL)"      ;4       ;5        ;1      ;3         ;"E9"     ;"-"         ;"-"   ;"-"       ;1
90    ;"EX DE,HL"     ;4       ;5        ;1      ;1         ;"EB"     ;"-"         ;"-"   ;"-"       ;1
316   ;"RST 28H"      ;11      ;12       ;4      ;"6/7"     ;"EF"     ;"-"         ;"-"   ;"-"       ;1
283   ;"RET P"        ;"11/5"  ;"12/6"   ;"3/1"  ;"5/1"     ;"F0"     ;"-"         ;"-"   ;"-"       ;1
262   ;"POP AF"       ;10      ;11       ;3      ;5         ;"F1"     ;"-"         ;"-"   ;"-"       ;1
83    ;"DI"           ;4       ;5        ;2      ;2         ;"F3"     ;"-"         ;"-"   ;"-"       ;1
268   ;"PUSH AF"      ;11      ;12       ;4      ;6         ;"F5"     ;"-"         ;"-"   ;"-"       ;1
317   ;"RST 30H"      ;11      ;12       ;4      ;"6/7"     ;"F7"     ;"-"         ;"-"   ;"-"       ;1
280   ;"RET M"        ;"11/5"  ;"12/6"   ;"3/1"  ;"5/1"     ;"F8"     ;"-"         ;"-"   ;"-"       ;1
230   ;"LD SP,HL"     ;6       ;7        ;1      ;1         ;"F9"     ;"-"         ;"-"   ;"-"       ;1
85    ;"EI"           ;4       ;5        ;1      ;1         ;"FB"     ;"-"         ;"-"   ;"-"       ;1
318   ;"RST 38H"      ;11      ;12       ;4      ;"6/7"     ;"FF"     ;"-"         ;"-"   ;"-"       ;1
174   ;"LD B,n"       ;7       ;8        ;2      ;2         ;"06"     ;"n"         ;"-"   ;"-"       ;2
183   ;"LD C,n"       ;7       ;8        ;2      ;2         ;"0E"     ;"n"         ;"-"   ;"-"       ;2
84    ;"DJNZ o"       ;"13/8"  ;"14/9"   ;"3/2"  ;"3/2"     ;"10"     ;"o"         ;"-"   ;"-"       ;2
190   ;"LD D,n"       ;7       ;8        ;2      ;2         ;"16"     ;"n"         ;"-"   ;"-"       ;2
139   ;"JR o"         ;12      ;13       ;3      ;3         ;"18"     ;"o"         ;"-"   ;"-"       ;2
199   ;"LD E,n"       ;7       ;8        ;2      ;2         ;"1E"     ;"n"         ;"-"   ;"-"       ;2
142   ;"JR NZ,o"      ;"12/7"  ;"13/8"   ;"3/2"  ;"3/2"     ;"20"     ;"o"         ;"-"   ;"-"       ;2
206   ;"LD H,n"       ;7       ;8        ;2      ;2         ;"26"     ;"n"         ;"-"   ;"-"       ;2
143   ;"JR Z,o"       ;"12/7"  ;"13/8"   ;"3/2"  ;"3/2"     ;"28"     ;"o"         ;"-"   ;"-"       ;2
226   ;"LD L,n"       ;7       ;8        ;2      ;2         ;"2E"     ;"n"         ;"-"   ;"-"       ;2
141   ;"JR NC,o"      ;"12/7"  ;"13/8"   ;"3/2"  ;"3/2"     ;"30"     ;"o"         ;"-"   ;"-"       ;2
146   ;"LD (HL),n"    ;10      ;11       ;3      ;5         ;"36"     ;"n"         ;"-"   ;"-"       ;2
140   ;"JR C,o"       ;"12/7"  ;"13/8"   ;"3/2"  ;"3/2"     ;"38"     ;"o"         ;"-"   ;"-"       ;2
165   ;"LD A,n"       ;7       ;8        ;2      ;2         ;"3E"     ;"n"         ;"-"   ;"-"       ;2
15    ;"ADD A,n"      ;7       ;8        ;2      ;2         ;"C6"     ;"n"         ;"-"   ;"-"       ;2
38    ;"BIT b,(HL)"   ;12      ;14       ;3      ;5         ;"CB"     ;"46 +8*b"   ;"-"   ;"-"       ;2
41    ;"BIT b,r"      ;8       ;10       ;2      ;2         ;"CB"     ;"40 +8*b+r" ;"-"   ;"-"       ;2
274   ;"RES b,(HL)"   ;15      ;17       ;5      ;8         ;"CB"     ;"86 +8*b"   ;"-"   ;"-"       ;2
277   ;"RES b,r"      ;8       ;10       ;2      ;2         ;"CB"     ;"80 +8*b+r" ;"-"   ;"-"       ;2
289   ;"RL (HL)"      ;15      ;17       ;5      ;8         ;"CB"     ;"16"        ;"-"   ;"-"       ;2
292   ;"RL r"         ;8       ;10       ;2      ;2         ;"CB"     ;"10 +r"     ;"-"   ;"-"       ;2
294   ;"RLC (HL)"     ;15      ;17       ;5      ;8         ;"CB"     ;"06"        ;"-"   ;"-"       ;2
297   ;"RLC r"        ;8       ;10       ;2      ;2         ;"CB"     ;"00 +r"     ;"-"   ;"-"       ;2
300   ;"RR (HL)"      ;15      ;17       ;5      ;8         ;"CB"     ;"1E"        ;"-"   ;"-"       ;2
303   ;"RR r"         ;8       ;10       ;2      ;2         ;"CB"     ;"18 +r"     ;"-"   ;"-"       ;2
305   ;"RRC (HL)"     ;15      ;17       ;5      ;8         ;"CB"     ;"0E"        ;"-"   ;"-"       ;2
308   ;"RRC r"        ;8       ;10       ;2      ;2         ;"CB"     ;"08 +r"     ;"-"   ;"-"       ;2
331   ;"SET b,(HL)"   ;15      ;17       ;5      ;8         ;"CB"     ;"C6 +8*b"   ;"-"   ;"-"       ;2
334   ;"SET b,r"      ;8       ;10       ;2      ;2         ;"CB"     ;"C0 +8*b+r" ;"-"   ;"-"       ;2
335   ;"SLA (HL)"     ;15      ;17       ;5      ;8         ;"CB"     ;"26"        ;"-"   ;"-"       ;2
338   ;"SLA r"        ;8       ;10       ;2      ;2         ;"CB"     ;"20 +r"     ;"-"   ;"-"       ;2
339   ;"SRA (HL)"     ;15      ;17       ;5      ;8         ;"CB"     ;"2E"        ;"-"   ;"-"       ;2
342   ;"SRA r"        ;8       ;10       ;2      ;2         ;"CB"     ;"28 +r"     ;"-"   ;"-"       ;2
343   ;"SRL (HL)"     ;15      ;17       ;5      ;8         ;"CB"     ;"3E"        ;"-"   ;"-"       ;2
346   ;"SRL r"        ;8       ;10       ;2      ;2         ;"CB"     ;"38 +r"     ;"-"   ;"-"       ;2
4     ;"ADC A,n"      ;7       ;8        ;2      ;2         ;"CE"     ;"n"         ;"-"   ;"-"       ;2
259   ;"OUT (n),A"    ;11      ;12       ;3      ;"10/9"    ;"D3"     ;"n"         ;"-"   ;"-"       ;2
350   ;"SUB n"        ;7       ;8        ;2      ;2         ;"D6"     ;"n"         ;"-"   ;"-"       ;2
97    ;"IN A,(n)"     ;11      ;12       ;3      ;"10/9"    ;"DB"     ;"n"         ;"-"   ;"-"       ;2
6     ;"ADC A,IXp"    ;8       ;10       ;2      ;2         ;"DD"     ;"88 +p"     ;"-"   ;"-"       ;2
17    ;"ADD A,IXp"    ;8       ;10       ;2      ;2         ;"DD"     ;"80 +p"     ;"-"   ;"-"       ;2
36    ;"AND IXp"      ;8       ;10       ;2      ;2         ;"DD"     ;"A0 +p"     ;"-"   ;"-"       ;2
57    ;"CP IXp"       ;8       ;10       ;2      ;2         ;"DD"     ;"B8 +p"     ;"-"   ;"-"       ;2
87    ;"EX (SP),IX"   ;23      ;25       ;6      ;8         ;"DD"     ;"E3"        ;"-"   ;"-"       ;2
129   ;"JP (IX)"      ;8       ;10       ;2      ;4         ;"DD"     ;"E9"        ;"-"   ;"-"       ;2
167   ;"LD A,IXp"     ;8       ;10       ;2      ;2         ;"DD"     ;"78 +p"     ;"-"   ;"-"       ;2
216   ;"LD IXl,p"     ;8       ;10       ;2      ;2         ;"DD"     ;"68 +p"     ;"-"   ;"-"       ;2
231   ;"LD SP,IX"     ;10      ;12       ;2      ;2         ;"DD"     ;"F9"        ;"-"   ;"-"       ;2
248   ;"OR IXp"       ;8       ;10       ;2      ;2         ;"DD"     ;"B0 +p"     ;"-"   ;"-"       ;2
266   ;"POP IX"       ;14      ;16       ;4      ;6         ;"DD"     ;"E1"        ;"-"   ;"-"       ;2
272   ;"PUSH IX"      ;15      ;17       ;5      ;7         ;"DD"     ;"E5"        ;"-"   ;"-"       ;2
324   ;"SBC A,IXp"    ;8       ;10       ;2      ;2         ;"DD"     ;"98 +p"     ;"-"   ;"-"       ;2
352   ;"SUB IXp"      ;8       ;10       ;2      ;2         ;"DD"     ;"90 +p"     ;"-"   ;"-"       ;2
359   ;"XOR IXp"      ;8       ;10       ;2      ;2         ;"DD"     ;"A8 +p"     ;"-"   ;"-"       ;2
79    ;"DEC IXp"      ;8       ;10       ;2      ;2         ;"DD"     ;"05 +8*p"   ;"-"   ;"-"       ;2
119   ;"INC IXp"      ;8       ;10       ;2      ;2         ;"DD"     ;"04 +8*p"   ;"-"   ;"-"       ;2
176   ;"LD B,IXp"     ;8       ;10       ;2      ;2         ;"DD"     ;"40 +p"     ;"-"   ;"-"       ;2
185   ;"LD C,IXp"     ;8       ;10       ;2      ;2         ;"DD"     ;"48 +p"     ;"-"   ;"-"       ;2
192   ;"LD D,IXp"     ;8       ;10       ;2      ;2         ;"DD"     ;"50 +p"     ;"-"   ;"-"       ;2
201   ;"LD E,IXp"     ;8       ;10       ;2      ;2         ;"DD"     ;"58 +p"     ;"-"   ;"-"       ;2
214   ;"LD IXh,p"     ;8       ;10       ;2      ;2         ;"DD"     ;"60 +p"     ;"-"   ;"-"       ;2
23    ;"ADD IX,BC"    ;15      ;17       ;2      ;2         ;"DD"     ;"09"        ;"-"   ;"-"       ;2
24    ;"ADD IX,DE"    ;15      ;17       ;2      ;2         ;"DD"     ;"19"        ;"-"   ;"-"       ;2
25    ;"ADD IX,IX"    ;15      ;17       ;2      ;2         ;"DD"     ;"29"        ;"-"   ;"-"       ;2
26    ;"ADD IX,SP"    ;15      ;17       ;2      ;2         ;"DD"     ;"39"        ;"-"   ;"-"       ;2
77    ;"DEC IX"       ;10      ;12       ;2      ;2         ;"DD"     ;"2B"        ;"-"   ;"-"       ;2
117   ;"INC IX"       ;10      ;12       ;2      ;2         ;"DD"     ;"23"        ;"-"   ;"-"       ;2
322   ;"SBC A,n"      ;7       ;8        ;2      ;2         ;"DE"     ;"n"         ;"-"   ;"-"       ;2
34    ;"AND n"        ;7       ;8        ;2      ;2         ;"E6"     ;"n"         ;"-"   ;"-"       ;2
8     ;"ADC HL,BC"    ;15      ;17       ;2      ;2         ;"ED"     ;"4A"        ;"-"   ;"-"       ;2
93    ;"IM 0"         ;8       ;10       ;3      ;3         ;"ED"     ;"46"        ;"-"   ;"-"       ;2
94    ;"IM 1"         ;8       ;10       ;3      ;3         ;"ED"     ;"56"        ;"-"   ;"-"       ;2
98    ;"IN B,(C)"     ;12      ;14       ;3      ;"10/9"    ;"ED"     ;"40"        ;"-"   ;"-"       ;2
99    ;"IN C,(C)"     ;12      ;14       ;3      ;"10/9"    ;"ED"     ;"48"        ;"-"   ;"-"       ;2
100   ;"IN D,(C)"     ;12      ;14       ;3      ;"10/9"    ;"ED"     ;"50"        ;"-"   ;"-"       ;2
101   ;"IN E,(C)"     ;12      ;14       ;3      ;"10/9"    ;"ED"     ;"58"        ;"-"   ;"-"       ;2
169   ;"LD A,I"       ;9       ;11       ;2      ;2         ;"ED"     ;"57"        ;"-"   ;"-"       ;2
210   ;"LD I,A"       ;9       ;11       ;2      ;2         ;"ED"     ;"47"        ;"-"   ;"-"       ;2
228   ;"LD R,A"       ;9       ;11       ;2      ;2         ;"ED"     ;"4F"        ;"-"   ;"-"       ;2
238   ;"MULUB A,r"    ;""      ;""       ;14     ;14        ;"ED"     ;"C1 +8*r"   ;"-"   ;"-"       ;2
239   ;"MULUW HL,BC"  ;""      ;""       ;36     ;36        ;"ED"     ;"C3"        ;"-"   ;"-"       ;2
240   ;"MULUW HL,SP"  ;""      ;""       ;36     ;36        ;"ED"     ;"F3"        ;"-"   ;"-"       ;2
241   ;"NEG"          ;8       ;10       ;2      ;2         ;"ED"     ;"44"        ;"-"   ;"-"       ;2
253   ;"OUT (C),B"    ;12      ;14       ;3      ;"10/9"    ;"ED"     ;"41"        ;"-"   ;"-"       ;2
254   ;"OUT (C),C"    ;12      ;14       ;3      ;"10/9"    ;"ED"     ;"49"        ;"-"   ;"-"       ;2
255   ;"OUT (C),D"    ;12      ;14       ;3      ;"10/9"    ;"ED"     ;"51"        ;"-"   ;"-"       ;2
287   ;"RETI"         ;14      ;16       ;5      ;7         ;"ED"     ;"4D"        ;"-"   ;"-"       ;2
288   ;"RETN"         ;14      ;16       ;5      ;7         ;"ED"     ;"45"        ;"-"   ;"-"       ;2
326   ;"SBC HL,BC"    ;15      ;17       ;2      ;2         ;"ED"     ;"42"        ;"-"   ;"-"       ;2
327   ;"SBC HL,DE"    ;15      ;17       ;2      ;2         ;"ED"     ;"52"        ;"-"   ;"-"       ;2
9     ;"ADC HL,DE"    ;15      ;17       ;2      ;2         ;"ED"     ;"5A"        ;"-"   ;"-"       ;2
256   ;"OUT (C),E"    ;12      ;14       ;3      ;"10/9"    ;"ED"     ;"59"        ;"-"   ;"-"       ;2
257   ;"OUT (C),H"    ;12      ;14       ;3      ;"10/9"    ;"ED"     ;"61"        ;"-"   ;"-"       ;2
10    ;"ADC HL,HL"    ;15      ;17       ;2      ;2         ;"ED"     ;"6A"        ;"-"   ;"-"       ;2
11    ;"ADC HL,SP"    ;15      ;17       ;2      ;2         ;"ED"     ;"7A"        ;"-"   ;"-"       ;2
59    ;"CPD"          ;16      ;18       ;4      ;6         ;"ED"     ;"A9"        ;"-"   ;"-"       ;2
60    ;"CPDR"         ;"21/16" ;"23/18"  ;5      ;"?/8"     ;"ED"     ;"B9"        ;"-"   ;"-"       ;2
61    ;"CPI"          ;16      ;18       ;4      ;6         ;"ED"     ;"A1"        ;"-"   ;"-"       ;2
62    ;"CPIR"         ;"21/16" ;"23/18"  ;5      ;"?/8"     ;"ED"     ;"B1"        ;"-"   ;"-"       ;2
96    ;"IN A,(C)"     ;12      ;14       ;3      ;"10/9"    ;"ED"     ;"78"        ;"-"   ;"-"       ;2
104   ;"IN F,(C)"     ;12      ;14       ;3      ;"10/9"    ;"ED"     ;"70"        ;"-"   ;"-"       ;2
103   ;"IN L,(C)"     ;12      ;14       ;3      ;"10/9"    ;"ED"     ;"68"        ;"-"   ;"-"       ;2
123   ;"IND"          ;16      ;18       ;4      ;"12/11"   ;"ED"     ;"AA"        ;"-"   ;"-"       ;2
124   ;"INDR"         ;"21/16" ;"23/18"  ;"4/3"  ;"?/12/11" ;"ED"     ;"BA"        ;"-"   ;"-"       ;2
125   ;"INI"          ;16      ;18       ;4      ;"12/11"   ;"ED"     ;"A2"        ;"-"   ;"-"       ;2
126   ;"INIR"         ;"21/16" ;"23/18"  ;"4/3"  ;"?/12/11" ;"ED"     ;"B2"        ;"-"   ;"-"       ;2
234   ;"LDD"          ;16      ;18       ;4      ;7         ;"ED"     ;"A8"        ;"-"   ;"-"       ;2
235   ;"LDDR"         ;"21/16" ;"23/18"  ;4      ;"?/7"     ;"ED"     ;"B8"        ;"-"   ;"-"       ;2
236   ;"LDI"          ;16      ;18       ;4      ;7         ;"ED"     ;"A0"        ;"-"   ;"-"       ;2
237   ;"LDIR"         ;"21/16" ;"23/18"  ;4      ;"?/7"     ;"ED"     ;"B0"        ;"-"   ;"-"       ;2
251   ;"OTIR"         ;"21/16" ;"23/18"  ;"4/3"  ;"?/12/11" ;"ED"     ;"B3"        ;"-"   ;"-"       ;2
252   ;"OUT (C),A"    ;12      ;14       ;3      ;"10/9"    ;"ED"     ;"79"        ;"-"   ;"-"       ;2
258   ;"OUT (C),L"    ;12      ;14       ;3      ;"10/9"    ;"ED"     ;"69"        ;"-"   ;"-"       ;2
260   ;"OUTD"         ;16      ;18       ;4      ;"12/11"   ;"ED"     ;"AB"        ;"-"   ;"-"       ;2
261   ;"OUTI"         ;16      ;18       ;4      ;"12/11"   ;"ED"     ;"A3"        ;"-"   ;"-"       ;2
299   ;"RLD"          ;18      ;20       ;5      ;8         ;"ED"     ;"6F"        ;"-"   ;"-"       ;2
310   ;"RRD"          ;18      ;20       ;5      ;8         ;"ED"     ;"67"        ;"-"   ;"-"       ;2
328   ;"SBC HL,HL"    ;15      ;17       ;2      ;2         ;"ED"     ;"62"        ;"-"   ;"-"       ;2
329   ;"SBC HL,SP"    ;15      ;17       ;2      ;2         ;"ED"     ;"72"        ;"-"   ;"-"       ;2
95    ;"IM 2"         ;8       ;10       ;3      ;3         ;"ED"     ;"5E"        ;"-"   ;"-"       ;2
102   ;"IN H,(C)"     ;12      ;14       ;3      ;"10/9"    ;"ED"     ;"60"        ;"-"   ;"-"       ;2
170   ;"LD A,R"       ;9       ;11       ;2      ;2         ;"ED"     ;"5F"        ;"-"   ;"-"       ;2
250   ;"OTDR"         ;"21/16" ;"23/18"  ;"4/3"  ;"?/12/11" ;"ED"     ;"BB"        ;"-"   ;"-"       ;2
357   ;"XOR n"        ;7       ;8        ;2      ;2         ;"EE"     ;"n"         ;"-"   ;"-"       ;2
246   ;"OR n"         ;7       ;8        ;2      ;2         ;"F6"     ;"n"         ;"-"   ;"-"       ;2
27    ;"ADD IY,BC"    ;15      ;17       ;2      ;2         ;"FD"     ;"09"        ;"-"   ;"-"       ;2
28    ;"ADD IY,DE"    ;15      ;17       ;2      ;2         ;"FD"     ;"19"        ;"-"   ;"-"       ;2
80    ;"DEC IYq"      ;8       ;10       ;2      ;2         ;"FD"     ;"05 +8*q"   ;"-"   ;"-"       ;2
118   ;"INC IY"       ;10      ;12       ;2      ;2         ;"FD"     ;"23"        ;"-"   ;"-"       ;2
120   ;"INC IYq"      ;8       ;10       ;2      ;2         ;"FD"     ;"04 +8*q"   ;"-"   ;"-"       ;2
177   ;"LD B,IYq"     ;8       ;10       ;2      ;2         ;"FD"     ;"40 +q"     ;"-"   ;"-"       ;2
88    ;"EX (SP),IY"   ;23      ;25       ;6      ;8         ;"FD"     ;"E3"        ;"-"   ;"-"       ;2
130   ;"JP (IY)"      ;8       ;10       ;2      ;4         ;"FD"     ;"E9"        ;"-"   ;"-"       ;2
232   ;"LD SP,IY"     ;10      ;12       ;2      ;2         ;"FD"     ;"F9"        ;"-"   ;"-"       ;2
267   ;"POP IY"       ;14      ;16       ;4      ;6         ;"FD"     ;"E1"        ;"-"   ;"-"       ;2
273   ;"PUSH IY"      ;15      ;17       ;5      ;7         ;"FD"     ;"E5"        ;"-"   ;"-"       ;2
7     ;"ADC A,IYq"    ;8       ;10       ;2      ;2         ;"FD"     ;"88 +q"     ;"-"   ;"-"       ;2
18    ;"ADD A,IYq"    ;8       ;10       ;2      ;2         ;"FD"     ;"80 +q"     ;"-"   ;"-"       ;2
30    ;"ADD IY,SP"    ;15      ;17       ;2      ;2         ;"FD"     ;"39"        ;"-"   ;"-"       ;2
37    ;"AND IYq"      ;8       ;10       ;2      ;2         ;"FD"     ;"A0 +q"     ;"-"   ;"-"       ;2
58    ;"CP IYq"       ;8       ;10       ;2      ;2         ;"FD"     ;"B8 +q"     ;"-"   ;"-"       ;2
168   ;"LD A,IYq"     ;8       ;10       ;2      ;2         ;"FD"     ;"78 +q"     ;"-"   ;"-"       ;2
186   ;"LD C,IYq"     ;8       ;10       ;2      ;2         ;"FD"     ;"48 +q"     ;"-"   ;"-"       ;2
193   ;"LD D,IYq"     ;8       ;10       ;2      ;2         ;"FD"     ;"50 +q"     ;"-"   ;"-"       ;2
202   ;"LD E,IYq"     ;8       ;10       ;2      ;2         ;"FD"     ;"58 +q"     ;"-"   ;"-"       ;2
220   ;"LD IYh,q"     ;8       ;10       ;2      ;2         ;"FD"     ;"60 +q"     ;"-"   ;"-"       ;2
222   ;"LD IYl,q"     ;8       ;10       ;2      ;2         ;"FD"     ;"68 +q"     ;"-"   ;"-"       ;2
249   ;"OR IYq"       ;8       ;10       ;2      ;2         ;"FD"     ;"B0 +q"     ;"-"   ;"-"       ;2
325   ;"SBC A,IYq"    ;8       ;10       ;2      ;2         ;"FD"     ;"98 +q"     ;"-"   ;"-"       ;2
353   ;"SUB IYq"      ;8       ;10       ;2      ;2         ;"FD"     ;"90 +q"     ;"-"   ;"-"       ;2
360   ;"XOR IYq"      ;8       ;10       ;2      ;2         ;"FD"     ;"A8 +q"     ;"-"   ;"-"       ;2
29    ;"ADD IY,IY"    ;15      ;17       ;2      ;2         ;"FD"     ;"29"        ;"-"   ;"-"       ;2
78    ;"DEC IY"       ;10      ;12       ;2      ;2         ;"FD"     ;"2B"        ;"-"   ;"-"       ;2
55    ;"CP n"         ;7       ;8        ;2      ;2         ;"FE"     ;"n"         ;"-"   ;"-"       ;2
179   ;"LD BC,nn"     ;10      ;11       ;3      ;3         ;"01"     ;"nn"        ;"nn"  ;"-"       ;3
195   ;"LD DE,nn"     ;10      ;11       ;3      ;3         ;"11"     ;"nn"        ;"nn"  ;"-"       ;3
209   ;"LD HL,nn"     ;10      ;11       ;3      ;3         ;"21"     ;"nn"        ;"nn"  ;"-"       ;3
155   ;"LD (nn),HL"   ;16      ;17       ;5      ;7         ;"22"     ;"nn"        ;"nn"  ;"-"       ;3
233   ;"LD SP,nn"     ;10      ;11       ;3      ;3         ;"31"     ;"nn"        ;"nn"  ;"-"       ;3
152   ;"LD (nn),A"    ;13      ;14       ;4      ;6         ;"32"     ;"nn"        ;"nn"  ;"-"       ;3
208   ;"LD HL,(nn)"   ;16      ;17       ;5      ;7         ;"2A"     ;"nn"        ;"nn"  ;"-"       ;3
164   ;"LD A,(nn)"    ;13      ;14       ;4      ;6         ;"3A"     ;"nn"        ;"nn"  ;"-"       ;3
134   ;"JP NZ,nn"     ;10      ;11       ;3      ;"5/3"     ;"C2"     ;"nn"        ;"nn"  ;"-"       ;3
127   ;"JP nn"        ;10      ;11       ;3      ;5         ;"C3"     ;"nn"        ;"nn"  ;"-"       ;3
46    ;"CALL NZ,nn"   ;"17/10" ;"18/11"  ;"5/3"  ;"8/7/3"   ;"C4"     ;"nn"        ;"nn"  ;"-"       ;3
138   ;"JP Z,nn"      ;10      ;11       ;3      ;"5/3"     ;"CA"     ;"nn"        ;"nn"  ;"-"       ;3
50    ;"CALL Z,nn"    ;"17/10" ;"18/11"  ;"5/3"  ;"8/7/3"   ;"CC"     ;"nn"        ;"nn"  ;"-"       ;3
42    ;"CALL nn"      ;17      ;18       ;5      ;"8/7"     ;"CD"     ;"nn"        ;"nn"  ;"-"       ;3
133   ;"JP NC,nn"     ;10      ;11       ;3      ;"5/3"     ;"D2"     ;"nn"        ;"nn"  ;"-"       ;3
45    ;"CALL NC,nn"   ;"17/10" ;"18/11"  ;"5/3"  ;"8/7/3"   ;"D4"     ;"nn"        ;"nn"  ;"-"       ;3
131   ;"JP C,nn"      ;10      ;11       ;3      ;"5/3"     ;"DA"     ;"nn"        ;"nn"  ;"-"       ;3
43    ;"CALL C,nn"    ;"17/10" ;"18/11"  ;"5/3"  ;"8/7/3"   ;"DC"     ;"nn"        ;"nn"  ;"-"       ;3
172   ;"LD B,(IX+o)"  ;19      ;21       ;5      ;7         ;"DD"     ;"46"        ;"o"   ;"-"       ;3
197   ;"LD E,(IX+o)"  ;19      ;21       ;5      ;7         ;"DD"     ;"5E"        ;"o"   ;"-"       ;3
213   ;"LD IXh,n"     ;11      ;13       ;3      ;3         ;"DD"     ;"26"        ;"n"   ;"-"       ;3
215   ;"LD IXl,n"     ;11      ;13       ;3      ;3         ;"DD"     ;"2E"        ;"n"   ;"-"       ;3
66    ;"DEC (IX+o)"   ;23      ;25       ;7      ;10        ;"DD"     ;"35"        ;"o"   ;"-"       ;3
106   ;"INC (IX+o)"   ;23      ;25       ;7      ;10        ;"DD"     ;"34"        ;"o"   ;"-"       ;3
149   ;"LD (IX+o),r"  ;19      ;21       ;5      ;7         ;"DD"     ;"70 +r"     ;"o"   ;"-"       ;3
162   ;"LD A,(IX+o)"  ;19      ;21       ;5      ;7         ;"DD"     ;"7E"        ;"o"   ;"-"       ;3
181   ;"LD C,(IX+o)"  ;19      ;21       ;5      ;7         ;"DD"     ;"4E"        ;"o"   ;"-"       ;3
188   ;"LD D,(IX+o)"  ;19      ;21       ;5      ;7         ;"DD"     ;"56"        ;"o"   ;"-"       ;3
204   ;"LD H,(IX+o)"  ;19      ;21       ;5      ;7         ;"DD"     ;"66"        ;"o"   ;"-"       ;3
224   ;"LD L,(IX+o)"  ;19      ;21       ;5      ;7         ;"DD"     ;"6E"        ;"o"   ;"-"       ;3
13    ;"ADD A,(IX+o)" ;19      ;21       ;5      ;7         ;"DD"     ;"86"        ;"o"   ;"-"       ;3
2     ;"ADC A,(IX+o)" ;19      ;21       ;5      ;7         ;"DD"     ;"8E"        ;"o"   ;"-"       ;3
32    ;"AND (IX+o)"   ;19      ;21       ;5      ;7         ;"DD"     ;"A6"        ;"o"   ;"-"       ;3
53    ;"CP (IX+o)"    ;19      ;21       ;5      ;7         ;"DD"     ;"BE"        ;"o"   ;"-"       ;3
244   ;"OR (IX+o)"    ;19      ;21       ;5      ;7         ;"DD"     ;"B6"        ;"o"   ;"-"       ;3
320   ;"SBC A,(IX+o)" ;19      ;21       ;5      ;7         ;"DD"     ;"9E"        ;"o"   ;"-"       ;3
348   ;"SUB (IX+o)"   ;19      ;21       ;5      ;7         ;"DD"     ;"96"        ;"o"   ;"-"       ;3
355   ;"XOR (IX+o)"   ;19      ;21       ;5      ;7         ;"DD"     ;"AE"        ;"o"   ;"-"       ;3
137   ;"JP PO,nn"     ;10      ;11       ;3      ;"5/3"     ;"E2"     ;"nn"        ;"nn"  ;"-"       ;3
49    ;"CALL PO,nn"   ;"17/10" ;"18/11"  ;"5/3"  ;"8/7/3"   ;"E4"     ;"nn"        ;"nn"  ;"-"       ;3
136   ;"JP PE,nn"     ;10      ;11       ;3      ;"5/3"     ;"EA"     ;"nn"        ;"nn"  ;"-"       ;3
48    ;"CALL PE,nn"   ;"17/10" ;"18/11"  ;"5/3"  ;"8/7/3"   ;"EC"     ;"nn"        ;"nn"  ;"-"       ;3
135   ;"JP P,nn"      ;10      ;11       ;3      ;"5/3"     ;"F2"     ;"nn"        ;"nn"  ;"-"       ;3
47    ;"CALL P,nn"    ;"17/10" ;"18/11"  ;"5/3"  ;"8/7/3"   ;"F4"     ;"nn"        ;"nn"  ;"-"       ;3
132   ;"JP M,nn"      ;10      ;11       ;3      ;"5/3"     ;"FA"     ;"nn"        ;"nn"  ;"-"       ;3
44    ;"CALL M,nn"    ;"17/10" ;"18/11"  ;"5/3"  ;"8/7/3"   ;"FC"     ;"nn"        ;"nn"  ;"-"       ;3
54    ;"CP (IY+o)"    ;19      ;21       ;5      ;7         ;"FD"     ;"BE"        ;"o"   ;"-"       ;3
189   ;"LD D,(IY+o)"  ;19      ;21       ;5      ;7         ;"FD"     ;"56"        ;"o"   ;"-"       ;3
3     ;"ADC A,(IY+o)" ;19      ;21       ;5      ;7         ;"FD"     ;"8E"        ;"o"   ;"-"       ;3
14    ;"ADD A,(IY+o)" ;19      ;21       ;5      ;7         ;"FD"     ;"86"        ;"o"   ;"-"       ;3
33    ;"AND (IY+o)"   ;19      ;21       ;5      ;7         ;"FD"     ;"A6"        ;"o"   ;"-"       ;3
67    ;"DEC (IY+o)"   ;23      ;25       ;7      ;10        ;"FD"     ;"35"        ;"o"   ;"-"       ;3
107   ;"INC (IY+o)"   ;23      ;25       ;7      ;10        ;"FD"     ;"34"        ;"o"   ;"-"       ;3
151   ;"LD (IY+o),r"  ;19      ;21       ;5      ;7         ;"FD"     ;"70 +r"     ;"o"   ;"-"       ;3
163   ;"LD A,(IY+o)"  ;19      ;21       ;5      ;7         ;"FD"     ;"7E"        ;"o"   ;"-"       ;3
173   ;"LD B,(IY+o)"  ;19      ;21       ;5      ;7         ;"FD"     ;"46"        ;"o"   ;"-"       ;3
182   ;"LD C,(IY+o)"  ;19      ;21       ;5      ;7         ;"FD"     ;"4E"        ;"o"   ;"-"       ;3
198   ;"LD E,(IY+o)"  ;19      ;21       ;5      ;7         ;"FD"     ;"5E"        ;"o"   ;"-"       ;3
205   ;"LD H,(IY+o)"  ;19      ;21       ;5      ;7         ;"FD"     ;"66"        ;"o"   ;"-"       ;3
219   ;"LD IYh,n"     ;11      ;13       ;3      ;3         ;"FD"     ;"26"        ;"n"   ;"-"       ;3
221   ;"LD IYl,n"     ;11      ;13       ;3      ;3         ;"FD"     ;"2E"        ;"n"   ;"-"       ;3
225   ;"LD L,(IY+o)"  ;19      ;21       ;5      ;7         ;"FD"     ;"6E"        ;"o"   ;"-"       ;3
245   ;"OR (IY+o)"    ;19      ;21       ;5      ;7         ;"FD"     ;"B6"        ;"o"   ;"-"       ;3
321   ;"SBC A,(IY+o)" ;19      ;21       ;5      ;7         ;"FD"     ;"9E"        ;"o"   ;"-"       ;3
349   ;"SUB (IY+o)"   ;19      ;21       ;5      ;7         ;"FD"     ;"96"        ;"o"   ;"-"       ;3
356   ;"XOR (IY+o)"   ;19      ;21       ;5      ;7         ;"FD"     ;"AE"        ;"o"   ;"-"       ;3
39    ;"BIT b,(IX+o)" ;20      ;22       ;5      ;7         ;"DD"     ;"CB"        ;"o"   ;"46 +8*b" ;4
148   ;"LD (IX+o),n"  ;19      ;21       ;5      ;7         ;"DD"     ;"36"        ;"o"   ;"n"       ;4
156   ;"LD (nn),IX"   ;20      ;22       ;6      ;8         ;"DD"     ;"22"        ;"nn"  ;"nn"      ;4
211   ;"LD IX,(nn)"   ;20      ;22       ;6      ;8         ;"DD"     ;"2A"        ;"nn"  ;"nn"      ;4
212   ;"LD IX,nn"     ;14      ;16       ;4      ;4         ;"DD"     ;"21"        ;"nn"  ;"nn"      ;4
275   ;"RES b,(IX+o)" ;23      ;25       ;7      ;10        ;"DD"     ;"CB"        ;"o"   ;"86 +8*b" ;4
290   ;"RL (IX+o)"    ;23      ;25       ;7      ;10        ;"DD"     ;"CB"        ;"o"   ;"16"      ;4
295   ;"RLC (IX+o)"   ;23      ;25       ;7      ;10        ;"DD"     ;"CB"        ;"o"   ;"06"      ;4
301   ;"RR (IX+o)"    ;23      ;25       ;7      ;10        ;"DD"     ;"CB"        ;"o"   ;"1E"      ;4
306   ;"RRC (IX+o)"   ;23      ;25       ;7      ;10        ;"DD"     ;"CB"        ;"o"   ;"0E"      ;4
332   ;"SET b,(IX+o)" ;23      ;25       ;7      ;10        ;"DD"     ;"CB"        ;"o"   ;"C6 +8*b" ;4
336   ;"SLA (IX+o)"   ;23      ;25       ;7      ;10        ;"DD"     ;"CB"        ;"o"   ;"26"      ;4
340   ;"SRA (IX+o)"   ;23      ;25       ;7      ;10        ;"DD"     ;"CB"        ;"o"   ;"2E"      ;4
344   ;"SRL (IX+o)"   ;23      ;25       ;7      ;10        ;"DD"     ;"CB"        ;"o"   ;"3E"      ;4
153   ;"LD (nn),BC"   ;20      ;22       ;6      ;8         ;"ED"     ;"43"        ;"nn"  ;"nn"      ;4
154   ;"LD (nn),DE"   ;20      ;22       ;6      ;8         ;"ED"     ;"53"        ;"nn"  ;"nn"      ;4
158   ;"LD (nn),SP"   ;20      ;22       ;6      ;8         ;"ED"     ;"73"        ;"nn"  ;"nn"      ;4
178   ;"LD BC,(nn)"   ;20      ;22       ;6      ;8         ;"ED"     ;"4B"        ;"nn"  ;"nn"      ;4
194   ;"LD DE,(nn)"   ;20      ;22       ;6      ;8         ;"ED"     ;"5B"        ;"nn"  ;"nn"      ;4
229   ;"LD SP,(nn)"   ;20      ;22       ;6      ;8         ;"ED"     ;"7B"        ;"nn"  ;"nn"      ;4
40    ;"BIT b,(IY+o)" ;20      ;22       ;5      ;7         ;"FD"     ;"CB"        ;"o"   ;"46 +8*b" ;4
150   ;"LD (IY+o),n"  ;19      ;21       ;5      ;7         ;"FD"     ;"36"        ;"o"   ;"n"       ;4
157   ;"LD (nn),IY"   ;20      ;22       ;6      ;8         ;"FD"     ;"22"        ;"nn"  ;"nn"      ;4
217   ;"LD IY,(nn)"   ;20      ;22       ;6      ;8         ;"FD"     ;"2A"        ;"nn"  ;"nn"      ;4
218   ;"LD IY,nn"     ;14      ;16       ;4      ;4         ;"FD"     ;"21"        ;"nn"  ;"nn"      ;4
276   ;"RES b,(IY+o)" ;23      ;25       ;7      ;10        ;"FD"     ;"CB"        ;"o"   ;"86 +8*b" ;4
291   ;"RL (IY+o)"    ;23      ;25       ;7      ;10        ;"FD"     ;"CB"        ;"o"   ;"16"      ;4
296   ;"RLC (IY+o)"   ;23      ;25       ;7      ;10        ;"FD"     ;"CB"        ;"o"   ;"06"      ;4
302   ;"RR (IY+o)"    ;23      ;25       ;7      ;10        ;"FD"     ;"CB"        ;"o"   ;"1E"      ;4
307   ;"RRC (IY+o)"   ;23      ;25       ;7      ;10        ;"FD"     ;"CB"        ;"o"   ;"0E"      ;4
333   ;"SET b,(IY+o)" ;23      ;25       ;7      ;10        ;"FD"     ;"CB"        ;"o"   ;"C6 +8*b" ;4
337   ;"SLA (IY+o)"   ;23      ;25       ;7      ;10        ;"FD"     ;"CB"        ;"o"   ;"26"      ;4
341   ;"SRA (IY+o)"   ;23      ;25       ;7      ;10        ;"FD"     ;"CB"        ;"o"   ;"2E"      ;4
345   ;"SRL (IY+o)"   ;23      ;25       ;7      ;10        ;"FD"     ;"CB"        ;"o"   ;"3E"      ;4
